bostad_id,pris,avgift,kvadratmeterpris,pris_per_kvm,valuta,manadskostnad
1,10587543,3293,88229,88230.0,SEK,52039
2,4447103,9411,30882,30883.0,SEK,29886
3,2203192,5059,22949,22950.0,SEK,15202
4,7325734,4756,96391,96391.0,SEK,38484
5,6662306,5594,85414,85414.0,SEK,36268
6,1336202,4209,25696,25696.0,SEK,10361
7,1727961,1359,66460,66460.0,SEK,9314
8,2963724,3044,29637,29637.0,SEK,16689
9,2649409,3212,49063,49063.0,SEK,15410
10,6075876,3257,108497,108498.0,SEK,31231
11,19809066,1571,122278,122278.0,SEK,92775
12,7915333,4183,109935,109935.0,SEK,40626
13,13906238,11857,82775,82775.0,SEK,75883
14,4084616,3783,48626,48626.0,SEK,22589
15,3630,0,0,134.0,SEK,3630
16,1067155,1936,42686,42686.0,SEK,6849
17,15698803,2860,125590,125590.0,SEK,75139
18,5582796,4232,88615,88616.0,SEK,29936
19,4711351,6143,58891,58892.0,SEK,27834
20,2078786,2572,49494,49495.0,SEK,12143
21,11685441,5064,102503,102504.0,SEK,58865
22,14720,0,0,160.0,SEK,14720
23,2381489,1548,49614,49614.0,SEK,12512
24,7821580,2849,93114,93114.0,SEK,38860
25,2236243,2325,93176,93177.0,SEK,12621
26,4215179,6678,46835,46835.0,SEK,26085
27,4807352,3988,92449,92449.0,SEK,26121
28,1341740,3913,74541,74541.0,SEK,10090
29,4468311,4177,41373,41373.0,SEK,24749
30,3291038,2541,78358,78358.0,SEK,17693
31,4208942,1848,40470,40471.0,SEK,21226
32,4279984,3404,35666,35667.0,SEK,23109
33,5290940,2485,38340,38340.0,SEK,26845
34,12734391,3792,110733,110734.0,SEK,62423
35,7995,0,0,154.0,SEK,7995
36,10794953,5724,103797,103798.0,SEK,55425
37,10704,0,0,143.0,SEK,10704
38,2474740,3217,53798,53799.0,SEK,14611
39,8131125,3239,73919,73919.0,SEK,40676
40,14957,0,0,150.0,SEK,14957
41,4953940,4379,43455,43456.0,SEK,27187
42,16454,0,0,157.0,SEK,16454
43,6473929,6441,58853,58854.0,SEK,36248
44,3320257,3979,41503,41503.0,SEK,19266
45,2687030,3495,53740,53741.0,SEK,15866
46,11067,0,0,160.0,SEK,11067
47,1891914,2995,24255,24255.0,SEK,11705
48,15532,0,0,141.0,SEK,15532
49,699294,1583,30404,30404.0,SEK,4802
50,23841,0,0,142.0,SEK,23841
51,2401494,2316,26103,26103.0,SEK,13372
52,3915370,1730,46611,46612.0,SEK,19757
53,13264,0,0,144.0,SEK,13264
54,4100897,5998,29716,29717.0,SEK,24879
55,7094,0,0,177.0,SEK,7094
56,20507,0,0,131.0,SEK,20507
57,2170166,2711,36169,36169.0,SEK,12702
58,3604065,2895,60067,60068.0,SEK,19488
59,17410,0,0,161.0,SEK,17410
60,5184821,1506,43206,43207.0,SEK,25377
61,1751181,4383,83389,83390.0,SEK,12445
62,1594018,2395,36227,36228.0,SEK,9734
63,2619523,2424,50375,50375.0,SEK,14484
64,12189,0,0,135.0,SEK,12189
65,2034120,1864,56503,56503.0,SEK,11229
66,3089110,2652,36775,36775.0,SEK,16874
67,2807568,1848,53991,53992.0,SEK,14774
68,1836008,2412,30600,30600.0,SEK,10865
69,1238086,4224,30952,30952.0,SEK,9924
70,9013316,7728,65313,65314.0,SEK,49226
71,1396566,1176,51724,51725.0,SEK,7606
72,5573265,3579,80771,80772.0,SEK,29239
73,4141056,3615,82821,82821.0,SEK,22681
74,4976512,1679,39496,39496.0,SEK,24591
75,1701618,3211,70900,70901.0,SEK,11045
76,15664,0,0,157.0,SEK,15664
77,2094262,4373,43630,43630.0,SEK,14015
78,1660800,1442,72208,72209.0,SEK,9088
79,15071,0,0,159.0,SEK,15071
80,546534,3344,30363,30363.0,SEK,5860
81,2485453,4376,39451,39452.0,SEK,15819
82,12270,0,0,139.0,SEK,12270
83,3499611,3573,46047,46048.0,SEK,19685
84,2837754,2014,37836,37837.0,SEK,15079
85,24183,0,0,168.0,SEK,24183
86,8041707,3565,64333,64334.0,SEK,40590
87,1767278,1188,93014,93015.0,SEK,9324
88,13461,0,0,120.0,SEK,13461
89,1686333,4330,40150,40151.0,SEK,12094
90,5355248,1686,31876,31876.0,SEK,26342
91,3726052,3098,49680,49681.0,SEK,20253
92,2262178,3970,29765,29766.0,SEK,14385
93,2689,0,0,142.0,SEK,2689
94,5231848,2595,58131,58132.0,SEK,26683
95,2383148,2137,56741,56742.0,SEK,13109
96,3911095,7357,31288,31289.0,SEK,25364
97,14656,0,0,153.0,SEK,14656
98,11160717,1582,79719,79719.0,SEK,52967
99,1721450,2289,63757,63757.0,SEK,10214
100,3705114,3955,40272,40273.0,SEK,21013
101,7850880,5279,75489,75489.0,SEK,41425
102,6889,0,0,132.0,SEK,6889
103,18563,0,0,143.0,SEK,18563
104,6314386,4108,60715,60715.0,SEK,33180
105,6948103,2143,69481,69481.0,SEK,34133
106,696673,2502,30290,30290.0,SEK,5709
107,4243509,3152,78583,78584.0,SEK,22689
108,16333,0,0,142.0,SEK,16333
109,4157,0,0,160.0,SEK,4157
110,4209741,3419,56129,56130.0,SEK,22801
111,4536278,2326,72004,72004.0,SEK,23211
112,10224304,7279,89686,89687.0,SEK,54353
113,5447978,2751,104768,104769.0,SEK,27834
114,9492896,4264,103183,103184.0,SEK,47970
115,17765,0,0,142.0,SEK,17765
116,4157151,7154,39972,39973.0,SEK,26294
117,10065834,5062,105956,105956.0,SEK,51406
118,6919666,10721,50142,50143.0,SEK,42580
119,7372,0,0,168.0,SEK,7372
120,2636204,2534,43936,43937.0,SEK,14671
121,19934,0,0,159.0,SEK,19934
122,1551913,2437,43108,43109.0,SEK,9582
123,10167144,12345,60518,60519.0,SEK,59156
124,1807668,3629,41083,41083.0,SEK,11951
125,7606000,3574,101413,101413.0,SEK,38593
126,3466906,3595,64201,64202.0,SEK,19557
127,10710,0,0,128.0,SEK,10710
128,3183,0,0,145.0,SEK,3183
129,10573109,3601,101664,101665.0,SEK,52281
130,5808394,7360,58083,58084.0,SEK,34102
131,4052463,3976,53321,53322.0,SEK,22634
132,2898,0,0,121.0,SEK,2898
133,2769599,3017,51288,51289.0,SEK,15768
134,10310232,3282,71598,71599.0,SEK,50752
135,8621913,2898,86219,86219.0,SEK,42594
136,4595808,2348,40314,40314.0,SEK,23507
137,2578417,1901,61390,61391.0,SEK,13772
138,6240401,2654,69337,69338.0,SEK,31385
139,3758417,1672,59657,59657.0,SEK,18976
140,9970219,3773,76693,76694.0,SEK,49677
141,8625936,1875,106493,106493.0,SEK,41590
142,1732855,2988,39383,39383.0,SEK,10966
143,3125557,2353,37209,37209.0,SEK,16743
144,12911,0,0,166.0,SEK,12911
145,10133474,9185,60318,60318.0,SEK,55841
146,3682864,6655,40920,40921.0,SEK,23611
147,3519186,1549,65170,65170.0,SEK,17751
148,17738,0,0,127.0,SEK,17738
149,1056154,3224,37719,37720.0,SEK,8086
150,4889922,6756,45277,45277.0,SEK,29270
151,3267609,3307,23678,23678.0,SEK,18351
152,2376481,1810,49510,49510.0,SEK,12751
153,3804744,3160,36235,36236.0,SEK,20677
154,3423522,2128,71323,71323.0,SEK,17890
155,3034,0,0,132.0,SEK,3034
156,16811,0,0,153.0,SEK,16811
157,1543221,2125,36743,36743.0,SEK,9230
158,2614407,2614,72622,72622.0,SEK,14651
159,5375817,3415,43006,43007.0,SEK,28166
160,4015380,1732,49572,49573.0,SEK,20219
161,1955172,3094,24439,24440.0,SEK,12095
162,4253297,2197,44771,44772.0,SEK,21779
163,4448,0,0,178.0,SEK,4448
164,2693857,4641,44897,44898.0,SEK,17043
165,1371188,1771,59616,59617.0,SEK,8084
166,3559980,4051,59333,59333.0,SEK,20441
167,13342,0,0,133.0,SEK,13342
168,8109318,2246,64359,64360.0,SEK,39582
169,4747689,2608,98910,98910.0,SEK,24467
170,1047301,4007,37403,37404.0,SEK,8828
171,3206074,4345,36432,36433.0,SEK,19106
172,13888,0,0,132.0,SEK,13888
173,12771,0,0,134.0,SEK,12771
174,1583344,2333,32986,32986.0,SEK,9622
175,6053711,6232,43867,43867.0,SEK,34104
176,18277,0,0,160.0,SEK,18277
177,4970,0,0,131.0,SEK,4970
178,3466021,2375,55016,55016.0,SEK,18333
179,5651003,6215,61423,61424.0,SEK,32233
180,1610217,4106,32204,32204.0,SEK,11519
181,13886,0,0,126.0,SEK,13886
182,4674966,3078,59935,59935.0,SEK,24602
183,2837,0,0,142.0,SEK,2837
184,23375,0,0,180.0,SEK,23375
185,5565561,3773,55655,55656.0,SEK,29397
186,5920786,3943,59207,59208.0,SEK,31203
187,1496029,3512,26246,26246.0,SEK,10399
188,7838071,3657,93310,93310.0,SEK,39744
189,2658553,3230,51126,51126.0,SEK,15470
190,4451050,4702,55638,55638.0,SEK,25195
191,1901585,3288,35214,35215.0,SEK,12043
192,8618771,7951,68950,68950.0,SEK,47633
193,3896283,3894,43292,43292.0,SEK,21833
194,1596822,3368,39920,39921.0,SEK,10720
195,20009,0,0,179.0,SEK,20009
196,7700614,2896,55801,55802.0,SEK,38350
197,23769,0,0,152.0,SEK,23769
198,1508802,1589,68581,68582.0,SEK,8535
199,3380,0,0,147.0,SEK,3380
200,8323529,3557,102759,102760.0,SEK,41879
201,8773730,3893,84362,84363.0,SEK,44288
202,5263141,2188,43859,43860.0,SEK,26420
203,659305,2211,31395,31395.0,SEK,5246
204,2277849,2445,31636,31637.0,SEK,12932
205,2114410,2380,30643,30644.0,SEK,12115
206,955919,997,47795,47796.0,SEK,5398
207,6556419,3143,91061,91061.0,SEK,33329
208,21912,0,0,152.0,SEK,21912
209,10303,0,0,123.0,SEK,10303
210,685964,1154,34298,34298.0,SEK,4312
211,17205,0,0,151.0,SEK,17205
212,12659,0,0,144.0,SEK,12659
213,14257391,3179,142573,142574.0,SEK,68822
214,20119,0,0,175.0,SEK,20119
215,9839,0,0,137.0,SEK,9839
216,8677,0,0,121.0,SEK,8677
217,501670,4014,21811,21812.0,SEK,6323
218,5393359,4010,38523,38524.0,SEK,28841
219,11291,0,0,123.0,SEK,11291
220,16652,0,0,159.0,SEK,16652
221,4495787,2165,97734,97734.0,SEK,22864
222,7599127,3423,60793,60793.0,SEK,38410
223,774617,2069,36886,36887.0,SEK,5635
224,1241634,2257,32674,32675.0,SEK,7973
225,3201,0,0,178.0,SEK,3201
226,1161464,4420,41480,41481.0,SEK,9767
227,2201987,2937,45874,45875.0,SEK,13075
228,13261,0,0,177.0,SEK,13261
229,4479015,2736,59720,59720.0,SEK,23358
230,23183,0,0,172.0,SEK,23183
231,4234,0,0,176.0,SEK,4234
232,901158,3107,47429,47429.0,SEK,7256
233,7480998,1764,93512,93512.0,SEK,36207
234,4709963,2626,37380,37381.0,SEK,24311
235,13502,0,0,178.0,SEK,13502
236,2328945,3797,35287,35287.0,SEK,14519
237,11979,0,0,143.0,SEK,11979
238,7789545,4167,92732,92733.0,SEK,40031
239,1135462,2725,51611,51612.0,SEK,7952
240,1441056,2771,24017,24018.0,SEK,9405
241,2208014,1946,58105,58106.0,SEK,12112
242,15138519,7292,114685,114686.0,SEK,76992
243,1569202,4045,43588,43589.0,SEK,11269
244,3501489,3775,70029,70030.0,SEK,19896
245,14082,0,0,160.0,SEK,14082
246,1647558,3247,21967,21967.0,SEK,10832
247,5798,0,0,138.0,SEK,5798
248,4004481,2790,87053,87054.0,SEK,21227
249,5624034,4192,74000,74000.0,SEK,30085
250,7952,0,0,142.0,SEK,7952
251,9483,0,0,176.0,SEK,9483
252,619859,3826,23840,23841.0,SEK,6679
253,2790183,4496,21462,21463.0,SEK,17342
254,6483125,4177,41558,41558.0,SEK,34026
255,2559386,1894,25593,25594.0,SEK,13677
256,2297506,1078,114875,114875.0,SEK,11656
257,6719987,4430,86153,86154.0,SEK,35369
258,2946009,6071,24550,24550.0,SEK,19634
259,2281370,2810,40738,40739.0,SEK,13313
260,2735308,4339,62166,62166.0,SEK,16932
261,8927064,8411,81155,81155.0,SEK,49512
262,8354975,10618,58020,58021.0,SEK,49085
263,10520,0,0,130.0,SEK,10520
264,24393,0,0,151.0,SEK,24393
265,2733791,3320,43393,43394.0,SEK,15906
266,2982483,4234,74562,74562.0,SEK,17965
267,5679602,3834,94660,94660.0,SEK,29983
268,2527,0,0,133.0,SEK,2527
269,7497918,9863,54332,54333.0,SEK,44384
270,4851882,2968,55135,55135.0,SEK,25306
271,2813931,2739,58623,58624.0,SEK,15694
272,17171,0,0,127.0,SEK,17171
273,7915435,4234,97721,97721.0,SEK,40677
274,7454492,1654,56473,56473.0,SEK,35975
275,3819926,3936,55361,55361.0,SEK,21523
276,4849940,4882,57737,57737.0,SEK,27211
277,5827870,6079,41627,41628.0,SEK,32911
278,1977846,2331,42996,42997.0,SEK,11437
279,3058388,1801,80483,80484.0,SEK,15882
280,9404,0,0,131.0,SEK,9404
281,3045539,7581,30455,30455.0,SEK,21603
282,4315748,2361,86314,86315.0,SEK,22231
283,937809,2446,40774,40774.0,SEK,6763
284,4925653,1938,58638,58639.0,SEK,24616
285,24964,0,0,160.0,SEK,24964
286,6802237,3489,62983,62984.0,SEK,34807
287,5229178,4293,55043,55044.0,SEK,28369
288,14262,0,0,158.0,SEK,14262
289,10461441,3504,74724,74725.0,SEK,51670
290,3467707,3802,60836,60837.0,SEK,19767
291,8393933,2554,49963,49964.0,SEK,41201
292,3008635,3056,41786,41787.0,SEK,16908
293,2626,0,0,125.0,SEK,2626
294,12158,0,0,122.0,SEK,12158
295,15029163,1714,92772,92773.0,SEK,70910
296,3186,0,0,177.0,SEK,3186
297,15241,0,0,159.0,SEK,15241
298,8422046,1941,122058,122059.0,SEK,40717
299,4593750,8136,42534,42535.0,SEK,29286
300,3404834,3854,56747,56747.0,SEK,19530
301,3910,0,0,178.0,SEK,3910
302,1808465,1641,43058,43059.0,SEK,9967
303,4221762,2020,56290,56290.0,SEK,21457
304,2139606,2388,31008,31009.0,SEK,12239
305,6154867,7510,53990,53990.0,SEK,35848
306,990125,935,55006,55007.0,SEK,5493
307,3176406,6206,30251,30251.0,SEK,20830
308,3363572,2509,88515,88515.0,SEK,17995
309,14227,0,0,129.0,SEK,14227
310,6056279,2176,50468,50469.0,SEK,30060
311,3008957,3726,53731,53731.0,SEK,17579
312,9376,0,0,136.0,SEK,9376
313,5184331,3799,58912,58913.0,SEK,27668
314,2736747,3775,32580,32580.0,SEK,16375
315,5259610,3921,48700,48700.0,SEK,28137
316,9622411,2251,85914,85914.0,SEK,46554
317,9498,0,0,125.0,SEK,9498
318,6075533,5876,52830,52831.0,SEK,33848
319,14033,0,0,140.0,SEK,14033
320,4854298,2503,89894,89894.0,SEK,24852
321,4692731,4464,46927,46927.0,SEK,26070
322,5886049,9833,42652,42653.0,SEK,36933
323,5157077,3065,66116,66116.0,SEK,26809
324,4096701,4434,53903,53904.0,SEK,23295
325,1563896,2367,20851,20852.0,SEK,9567
326,12275937,3013,102299,102299.0,SEK,59533
327,11604506,1882,107449,107449.0,SEK,55311
328,10982504,4103,101689,101690.0,SEK,54668
329,4899954,1901,32666,32666.0,SEK,24461
330,5913113,2276,65701,65701.0,SEK,29500
331,2326135,2785,55384,55384.0,SEK,13494
332,15277,0,0,166.0,SEK,15277
333,5303496,7679,32737,32738.0,SEK,32097
334,6150005,8477,47307,47308.0,SEK,36792
335,2093574,5545,23790,23791.0,SEK,15184
336,6812360,3418,52402,52403.0,SEK,34783
337,19087,0,0,151.0,SEK,19087
338,5309790,2366,58997,58998.0,SEK,26813
339,2847752,3355,32360,32361.0,SEK,16466
340,20995,0,0,167.0,SEK,20995
341,1199130,1102,57101,57101.0,SEK,6622
342,3908086,3870,42479,42479.0,SEK,21863
343,7873753,4383,89474,89474.0,SEK,40635
344,2247885,3357,53521,53521.0,SEK,13706
345,12487877,1776,113526,113526.0,SEK,59272
346,5474227,3418,50687,50687.0,SEK,28622
347,6370415,5145,83821,83821.0,SEK,34475
348,978216,4341,48910,48911.0,SEK,8844
349,4410975,5729,46431,46431.0,SEK,26037
350,4268147,2216,88919,88920.0,SEK,21867
351,5234662,4536,52346,52347.0,SEK,28637
352,1740979,4210,21493,21494.0,SEK,12225
353,24812,0,0,180.0,SEK,24812
354,2940619,2739,70014,70015.0,SEK,16278
355,2650678,3081,63111,63111.0,SEK,15285
356,1605349,2563,57333,57334.0,SEK,9954
357,5563048,3507,55630,55630.0,SEK,29120
358,19155,0,0,153.0,SEK,19155
359,11488,0,0,144.0,SEK,11488
360,5986080,6567,45349,45349.0,SEK,34127
361,807422,2173,21247,21248.0,SEK,5890
362,1530859,1083,61234,61234.0,SEK,8131
363,5360748,1744,116538,116538.0,SEK,26425
364,2822097,6202,20904,20904.0,SEK,19195
365,6110072,5554,54554,54554.0,SEK,33685
366,2572184,3934,95266,95266.0,SEK,15776
367,6934833,11403,44454,44454.0,SEK,43332
368,18219,0,0,127.0,SEK,18219
369,5617,0,0,134.0,SEK,5617
370,1084255,1038,54212,54213.0,SEK,6030
371,10148582,6177,112762,112762.0,SEK,52902
372,14532,0,0,173.0,SEK,14532
373,17769,0,0,142.0,SEK,17769
374,4400054,9825,31428,31429.0,SEK,30083
375,2070421,4457,57511,57512.0,SEK,13989
376,2571209,3933,40812,40813.0,SEK,15771
377,5940694,3776,42433,42434.0,SEK,31127
378,611535,1660,21840,21841.0,SEK,4475
379,4356098,3058,37879,37879.0,SEK,23114
380,7399767,9352,59198,59198.0,SEK,43421
381,3628128,6782,34553,34554.0,SEK,23486
382,17252,0,0,160.0,SEK,17252
383,1491355,3405,21613,21614.0,SEK,10271
384,5481804,2290,79446,79446.0,SEK,27529
385,3153131,4012,22848,22849.0,SEK,18529
386,6203325,2183,54415,54415.0,SEK,30744
387,2329,0,0,123.0,SEK,2329
388,16752,0,0,168.0,SEK,16752
389,14145,0,0,136.0,SEK,14145
390,4131,0,0,165.0,SEK,4131
391,7238713,7858,57909,57910.0,SEK,41186
392,5741726,3538,100732,100732.0,SEK,29973
393,2746658,5235,31212,31212.0,SEK,17881
394,3007434,4285,65379,65379.0,SEK,18131
395,9698,0,0,154.0,SEK,9698
396,5329086,4786,80743,80744.0,SEK,29322
397,3131931,2939,65248,65249.0,SEK,17358
398,4265707,2305,44434,44434.0,SEK,21945
399,3522012,3948,55904,55905.0,SEK,20163
400,12937,0,0,170.0,SEK,12937
401,3486089,3349,91739,91739.0,SEK,19399
402,7794685,2454,56483,56483.0,SEK,38342
403,2693,0,0,150.0,SEK,2693
404,1593445,1284,75878,75878.0,SEK,8620
405,3395182,1678,32645,32646.0,SEK,17309
406,1175528,4377,43538,43538.0,SEK,9789
407,23620,0,0,169.0,SEK,23620
408,4501326,3041,90026,90027.0,SEK,23765
409,2084534,2734,49631,49632.0,SEK,12331
410,3445291,4954,45937,45937.0,SEK,20816
411,2168098,2336,45168,45169.0,SEK,12318
412,4005693,3038,74179,74180.0,SEK,21480
413,11959947,2896,85428,85428.0,SEK,57961
414,10376129,3018,96075,96075.0,SEK,50791
415,1072715,2815,41258,41258.0,SEK,7753
416,3971075,2308,41800,41801.0,SEK,20591
417,26361,0,0,157.0,SEK,26361
418,22087,0,0,164.0,SEK,22087
419,2637781,4219,47103,47103.0,SEK,16363
420,4702342,8874,35623,35624.0,SEK,30524
421,9159,0,0,164.0,SEK,9159
422,1524155,1325,72578,72579.0,SEK,8342
423,15395881,6255,114043,114044.0,SEK,77140
424,2063290,3840,34388,34388.0,SEK,13339
425,851984,1695,37042,37043.0,SEK,5617
426,1860220,4276,40439,40440.0,SEK,12840
427,16227,0,0,150.0,SEK,16227
428,4776693,6458,41536,41536.0,SEK,28450
429,4037586,2975,100939,100940.0,SEK,21564
430,3197826,4217,61496,61497.0,SEK,18940
431,15130,0,0,151.0,SEK,15130
432,4352042,3299,39564,39564.0,SEK,23336
433,2568762,2653,40774,40774.0,SEK,14480
434,2179218,1785,94748,94749.0,SEK,11818
435,832565,2077,43819,43819.0,SEK,5910
436,4192074,2189,80616,80617.0,SEK,21490
437,4577547,4307,63577,63577.0,SEK,25382
438,3306,0,0,138.0,SEK,3306
439,2681087,1580,49649,49650.0,SEK,13924
440,1922702,2344,35605,35606.0,SEK,11196
441,9711021,3881,84443,84444.0,SEK,48592
442,2855855,3511,54920,54920.0,SEK,16659
443,14682,0,0,167.0,SEK,14682
444,4270320,3598,67782,67783.0,SEK,23259
445,2987027,3139,52403,52404.0,SEK,16891
446,20158,0,0,168.0,SEK,20158
447,8997926,2106,102249,102249.0,SEK,43533
448,7752759,7289,58733,58733.0,SEK,42983
449,6542563,4101,86086,86086.0,SEK,34224
450,8581080,2455,61293,61293.0,SEK,41963
451,3956,0,0,152.0,SEK,3956
452,3650034,3313,65179,65179.0,SEK,20118
453,9310563,3227,64656,64657.0,SEK,46094
454,6903,0,0,150.0,SEK,6903
455,3552955,2638,32299,32300.0,SEK,18996
456,12372626,3775,128881,128882.0,SEK,60740
457,11718937,2952,112682,112682.0,SEK,56907
458,6079368,6731,60793,60794.0,SEK,34721
459,20617,0,0,159.0,SEK,20617
460,1332682,2931,53307,53307.0,SEK,9066
461,6304094,4214,60038,60039.0,SEK,33239
462,7187921,2751,54453,54454.0,SEK,35845
463,3093595,1995,32564,32564.0,SEK,16238
464,7191308,4114,59927,59928.0,SEK,37223
465,11582,0,0,161.0,SEK,11582
466,2078453,3205,30122,30123.0,SEK,12774
467,3314879,2667,26308,26309.0,SEK,17929
468,3529345,4319,46438,46439.0,SEK,20568
469,8261774,2653,65569,65570.0,SEK,40691
470,9419621,6952,58145,58146.0,SEK,50321
471,13292468,2192,100700,100701.0,SEK,63392
472,13534,0,0,135.0,SEK,13534
473,13228,0,0,122.0,SEK,13228
474,3022400,2952,79536,79537.0,SEK,16867
475,4362613,2953,45922,45922.0,SEK,23039
476,6169,0,0,123.0,SEK,6169
477,2676112,4066,49557,49558.0,SEK,16387
478,14181379,6294,109087,109088.0,SEK,71587
479,6837285,8756,59976,59976.0,SEK,40235
480,3168,0,0,122.0,SEK,3168
481,3014336,4368,71769,71770.0,SEK,18246
482,7798,0,0,162.0,SEK,7798
483,3938131,2600,98453,98453.0,SEK,20731
484,4518217,2672,39288,39289.0,SEK,23474
485,3198388,2225,61507,61507.0,SEK,16950
486,15260,0,0,170.0,SEK,15260
487,6467,0,0,147.0,SEK,6467
488,636509,3361,25460,25460.0,SEK,6291
489,7253,0,0,121.0,SEK,7253
490,3333203,1831,55553,55553.0,SEK,17177
491,2376287,3524,34438,34439.0,SEK,14464
492,17183,0,0,172.0,SEK,17183
493,21237,0,0,177.0,SEK,21237
494,2782936,4200,46382,46382.0,SEK,17013
495,23515,0,0,170.0,SEK,23515
496,3717,0,0,143.0,SEK,3717
497,13769,0,0,164.0,SEK,13769
498,1895469,4412,90260,90260.0,SEK,13139
499,4886622,5669,40721,40722.0,SEK,28167
500,4137903,3543,79575,79575.0,SEK,22594
501,7356166,3891,47154,47155.0,SEK,37760
502,3338881,5532,42806,42806.0,SEK,20904
503,5950128,3299,70834,70835.0,SEK,30694
504,3380,0,0,141.0,SEK,3380
505,1809140,3780,47608,47609.0,SEK,12109
506,12455,0,0,131.0,SEK,12455
507,21912,0,0,169.0,SEK,21912
508,16999,0,0,179.0,SEK,16999
509,2765017,4326,57604,57605.0,SEK,17056
510,6118,0,0,127.0,SEK,6118
511,14264,0,0,132.0,SEK,14264
512,5559933,3525,63181,63181.0,SEK,29123
513,7797660,1644,49985,49985.0,SEK,37545
514,11860621,2015,94884,94885.0,SEK,56623
515,3124,0,0,149.0,SEK,3124
516,1644040,1692,60890,60890.0,SEK,9261
517,4836360,1618,60454,60454.0,SEK,23885
518,3118255,3702,59966,59966.0,SEK,18058
519,6297237,2056,99956,99956.0,SEK,31049
520,1488237,1214,59529,59529.0,SEK,8066
521,7024896,2891,135094,135094.0,SEK,35234
522,5982286,2330,71217,71218.0,SEK,29873
523,13060,0,0,142.0,SEK,13060
524,6298363,7807,52486,52486.0,SEK,36805
525,6659680,8257,48258,48259.0,SEK,38919
526,4256,0,0,158.0,SEK,4256
527,17884,0,0,124.0,SEK,17884
528,11667,0,0,156.0,SEK,11667
529,8119,0,0,145.0,SEK,8119
530,2045839,1982,51145,51146.0,SEK,11401
531,6246671,2004,62466,62467.0,SEK,30764
532,1592852,955,79642,79643.0,SEK,8288
533,27040,0,0,173.0,SEK,27040
534,9562929,8186,70836,70837.0,SEK,52215
535,7866,0,0,179.0,SEK,7866
536,1539244,3259,57009,57009.0,SEK,10345
537,11477066,4883,110356,110356.0,SEK,57725
538,4579366,5023,54516,54516.0,SEK,26107
539,5749514,2600,57495,57495.0,SEK,29071
540,9648,0,0,153.0,SEK,9648
541,6267337,2710,38687,38687.0,SEK,31565
542,5013557,2613,61895,61896.0,SEK,25696
543,2410165,1990,44632,44633.0,SEK,13086
544,1784068,3606,66076,66077.0,SEK,11820
545,12000517,4255,88892,88893.0,SEK,59507
546,1056981,1853,44040,44041.0,SEK,6719
547,4472914,3440,74548,74549.0,SEK,24034
548,1657096,3164,34522,34523.0,SEK,10793
549,10755476,2123,97777,97777.0,SEK,51643
550,12603,0,0,168.0,SEK,12603
551,6447091,1948,56553,56553.0,SEK,31631
552,734826,2756,33401,33401.0,SEK,6139
553,15431,0,0,135.0,SEK,15431
554,4349210,3759,76301,76302.0,SEK,23783
555,4029927,2227,53025,53025.0,SEK,20781
556,2617992,4043,33564,33564.0,SEK,16096
557,3648999,5650,45612,45612.0,SEK,22450
558,12250422,3160,102086,102087.0,SEK,59562
559,9239593,5480,118456,118456.0,SEK,48020
560,11467060,1572,102384,102384.0,SEK,54368
561,1451150,3827,80619,80619.0,SEK,10508
562,6159,0,0,162.0,SEK,6159
563,4335353,3897,32113,32114.0,SEK,23857
564,3800955,1976,50012,50013.0,SEK,19476
565,2439174,4247,21778,21778.0,SEK,15477
566,2735048,2190,56980,56980.0,SEK,14782
567,3943016,3885,57145,57145.0,SEK,22039
568,2935651,6604,23485,23485.0,SEK,20120
569,5611501,6945,44892,44892.0,SEK,32781
570,21366,0,0,178.0,SEK,21366
571,826815,3088,43516,43517.0,SEK,6894
572,1952772,4154,84903,84903.0,SEK,13144
573,8144798,2177,88530,88530.0,SEK,39677
574,2915163,3378,35989,35990.0,SEK,16799
575,1436413,1738,57456,57457.0,SEK,8351
576,4619124,2267,66943,66944.0,SEK,23534
577,14151,0,0,177.0,SEK,14151
578,12005273,10291,86994,86995.0,SEK,65565
579,19868269,10580,141916,141916.0,SEK,102056
580,3439670,2306,21232,21233.0,SEK,18142
581,2429433,6030,23137,23137.0,SEK,17215
582,8833,0,0,147.0,SEK,8833
583,3484959,1977,32268,32268.0,SEK,18022
584,4158510,2094,38504,38505.0,SEK,21240
585,1142409,1559,42311,42311.0,SEK,6818
586,1658342,4367,66333,66334.0,SEK,12002
587,15625136,6399,135870,135871.0,SEK,78339
588,2999823,3845,124992,124993.0,SEK,17656
589,14744,0,0,147.0,SEK,14744
590,1586887,2521,30517,30517.0,SEK,9827
591,17643487,2444,108910,108910.0,SEK,83677
592,18391,0,0,167.0,SEK,18391
593,3421997,4544,57033,57033.0,SEK,20299
594,988097,3586,26002,26003.0,SEK,8135
595,14293856,3601,91627,91627.0,SEK,69412
596,3506387,5187,43288,43289.0,SEK,21330
597,1127546,3053,43367,43367.0,SEK,8244
598,1108975,1973,58367,58367.0,SEK,7078
599,8729610,2602,53886,53886.0,SEK,42794
600,9936,0,0,151.0,SEK,9936
601,943144,2298,42870,42870.0,SEK,6640
602,9269,0,0,172.0,SEK,9269
603,3062692,5311,44386,44387.0,SEK,19412
604,6971616,4019,52815,52815.0,SEK,36117
605,2014040,2622,55945,55946.0,SEK,11894
606,2580718,2949,43011,43012.0,SEK,14831
607,22360,0,0,177.0,SEK,22360
608,1035778,1282,43157,43157.0,SEK,6050
609,12428359,2086,88773,88774.0,SEK,59308
610,3539,0,0,161.0,SEK,3539
611,5468398,1847,62140,62141.0,SEK,27024
612,3393857,3509,35724,35725.0,SEK,19134
613,1649426,2556,43405,43406.0,SEK,10150
614,607286,1659,25303,25304.0,SEK,4455
615,4394113,3850,84502,84502.0,SEK,24081
616,5280308,8040,42242,42242.0,SEK,32351
617,2726042,2383,71737,71738.0,SEK,14934
618,805537,2609,42396,42397.0,SEK,6317
619,1889834,1840,20998,20998.0,SEK,10541
620,8666722,10176,60185,60186.0,SEK,50079
621,5663316,2827,56633,56633.0,SEK,28901
622,16989690,4044,141580,141581.0,SEK,82267
623,5175086,9990,37500,37501.0,SEK,33816
624,4724450,2622,41082,41082.0,SEK,24374
625,14487688,7842,103483,103483.0,SEK,74545
626,14386,0,0,137.0,SEK,14386
627,4627785,2256,46277,46278.0,SEK,23563
628,5747643,2062,59871,59871.0,SEK,28525
629,6672413,2363,42771,42772.0,SEK,33083
630,1766734,2786,24537,24538.0,SEK,10920
631,1219459,4207,32091,32091.0,SEK,9821
632,4047,0,0,150.0,SEK,4047
633,2086659,3555,36608,36608.0,SEK,13162
634,3128,0,0,156.0,SEK,3128
635,6943114,4397,55104,55104.0,SEK,36364
636,3549036,10474,22750,22750.0,SEK,26814
637,2010657,2522,38666,38666.0,SEK,11779
638,10258035,1614,75985,75985.0,SEK,48843
639,649657,1335,25986,25986.0,SEK,4326
640,9881,0,0,150.0,SEK,9881
641,2647678,4121,52953,52954.0,SEK,16311
642,515055,3852,24526,24526.0,SEK,6223
643,14494,0,0,173.0,SEK,14494
644,4338384,4145,57845,57845.0,SEK,24119
645,5820959,4411,63271,63271.0,SEK,31211
646,10101,0,0,146.0,SEK,10101
647,6071521,4971,55195,55196.0,SEK,32925
648,6528577,5217,62774,62775.0,SEK,35275
649,3337,0,0,133.0,SEK,3337
650,9539866,3055,76318,76319.0,SEK,46978
651,4212053,3932,39000,39000.0,SEK,23324
652,4374749,8555,34997,34998.0,SEK,28697
653,2258346,3059,53770,53770.0,SEK,13456
654,7055197,10326,41995,41995.0,SEK,42809
655,7040230,8010,58668,58669.0,SEK,40424
656,3937271,4870,50477,50478.0,SEK,22997
657,10390903,2464,64141,64141.0,SEK,50305
658,2493021,2747,43737,43737.0,SEK,14225
659,3560,0,0,162.0,SEK,3560
660,12142429,3505,93403,93403.0,SEK,59410
661,4509781,1543,80531,80532.0,SEK,22306
662,3356788,2279,53282,53282.0,SEK,17734
663,7692876,3759,69935,69935.0,SEK,39178
664,17007,0,0,121.0,SEK,17007
665,3783444,3466,54832,54833.0,SEK,20885
666,11106,0,0,176.0,SEK,11106
667,7191886,8548,55322,55322.0,SEK,41660
668,4116066,2281,85751,85751.0,SEK,21232
669,3433177,2823,78026,78027.0,SEK,18629
670,11419,0,0,120.0,SEK,11419
671,6318662,8008,60177,60178.0,SEK,37100
672,945662,2281,35024,35025.0,SEK,6634
673,4483851,3721,59784,59785.0,SEK,24365
674,1548352,1939,59552,59552.0,SEK,9067
675,16577,0,0,138.0,SEK,16577
676,3398972,3406,42487,42487.0,SEK,19055
677,5511357,3409,49208,49209.0,SEK,28784
678,2921828,2376,73045,73046.0,SEK,15828
679,3114897,4153,111246,111246.0,SEK,18494
680,1557601,3819,55628,55629.0,SEK,10990
681,3093150,1600,41242,41242.0,SEK,15841
682,495973,3379,22544,22544.0,SEK,5662
683,14227,0,0,142.0,SEK,14227
684,5930284,4321,42973,42973.0,SEK,31625
685,2038341,4351,25479,25479.0,SEK,13735
686,14318,0,0,138.0,SEK,14318
687,1835757,3993,25496,25497.0,SEK,12445
688,6917569,3470,76861,76862.0,SEK,35319
689,5173070,1907,61584,61584.0,SEK,25724
690,9512,0,0,176.0,SEK,9512
691,1528439,4115,23158,23158.0,SEK,11152
692,3646076,6331,41432,41433.0,SEK,23118
693,3217964,2697,56455,56456.0,SEK,17513
694,3096678,2249,55297,55298.0,SEK,16506
695,2338272,2601,41022,41022.0,SEK,13366
696,4330,0,0,173.0,SEK,4330
697,8322055,7175,59443,59443.0,SEK,45491
698,4230285,2978,91962,91963.0,SEK,22454
699,8227,0,0,171.0,SEK,8227
700,12720439,1724,106003,106004.0,SEK,60291
701,14487,0,0,179.0,SEK,14487
702,3501563,3713,67337,67338.0,SEK,19834
703,4650416,2326,33698,33699.0,SEK,23737
704,21959,0,0,176.0,SEK,21959
705,5121374,5831,67386,67386.0,SEK,29410
706,8947957,6018,63913,63914.0,SEK,47215
707,964339,2911,40180,40181.0,SEK,7350
708,15768,0,0,131.0,SEK,15768
709,1624231,947,85485,85486.0,SEK,8425
710,5926787,6275,49389,49390.0,SEK,33562
711,3132069,5069,45392,45392.0,SEK,19489
712,2058270,4162,38116,38116.0,SEK,13638
713,7323,0,0,174.0,SEK,7323
714,4008057,2366,53440,53441.0,SEK,20819
715,1341970,2709,24851,24851.0,SEK,8887
716,4496513,4803,62451,62452.0,SEK,25505
717,7147090,1630,54977,54978.0,SEK,34536
718,822541,3557,41127,41127.0,SEK,7344
719,4650956,4015,67405,67405.0,SEK,25428
720,10236,0,0,135.0,SEK,10236
721,1113764,1734,44550,44551.0,SEK,6861
722,7439592,8581,59044,59044.0,SEK,42834
723,5674217,2465,39404,39404.0,SEK,28590
724,4966840,7568,41390,41390.0,SEK,30436
725,734149,1137,40786,40786.0,SEK,4517
726,9557933,4174,86890,86890.0,SEK,48180
727,13503,0,0,169.0,SEK,13503
728,1084726,1275,40175,40175.0,SEK,6269
729,13705,0,0,149.0,SEK,13705
730,2130289,2153,56060,56060.0,SEK,11961
731,4251967,4302,70866,70866.0,SEK,23878
732,11344,0,0,142.0,SEK,11344
733,5459980,6532,39565,39565.0,SEK,31670
734,3423073,3777,61126,61126.0,SEK,19537
735,6731468,3913,124656,124657.0,SEK,34905
736,3185811,10039,21238,21239.0,SEK,24707
737,1693252,2990,40315,40316.0,SEK,10786
738,1305538,1702,54397,54397.0,SEK,7712
739,2766223,2911,55324,55324.0,SEK,15647
740,2255339,2790,46986,46986.0,SEK,13173
741,2552578,4248,94539,94540.0,SEK,16000
742,15047,0,0,120.0,SEK,15047
743,1968097,3207,46859,46859.0,SEK,12268
744,9644030,2192,71437,71437.0,SEK,46594
745,8775,0,0,122.0,SEK,8775
746,4558110,4150,58437,58437.0,SEK,25136
747,1411759,2499,25209,25210.0,SEK,8998
748,2994,0,0,166.0,SEK,2994
749,7963,0,0,140.0,SEK,7963
750,4543031,1664,34946,34946.0,SEK,22580
751,4918279,3428,32788,32789.0,SEK,26072
752,3506088,1642,31304,31304.0,SEK,17784
753,20292,0,0,121.0,SEK,20292
754,6535496,2952,116705,116705.0,SEK,33042
755,5444339,10476,38888,38888.0,SEK,35542
756,9244,0,0,128.0,SEK,9244
757,850711,903,47261,47262.0,SEK,4819
758,2707,0,0,142.0,SEK,2707
759,4666697,2062,83333,83334.0,SEK,23548
760,3780752,1991,46675,46676.0,SEK,19398
761,8110208,6164,67585,67585.0,SEK,43504
762,3741791,9523,29696,29697.0,SEK,26750
763,1818939,2258,43308,43308.0,SEK,10632
764,9221287,7031,100231,100231.0,SEK,49487
765,1175869,1992,65326,65326.0,SEK,7405
766,14282,0,0,132.0,SEK,14282
767,3929643,3272,56951,56951.0,SEK,21364
768,1498222,2754,23781,23781.0,SEK,9652
769,7245016,6945,57960,57960.0,SEK,40302
770,2899276,2799,46020,46020.0,SEK,16147
771,4728894,1902,58381,58381.0,SEK,23674
772,19777,0,0,165.0,SEK,19777
773,1417123,4113,26243,26243.0,SEK,10637
774,2155456,3080,56722,56723.0,SEK,13004
775,2439072,2029,46905,46905.0,SEK,13258
776,2172656,1510,86906,86906.0,SEK,11513
777,1323414,2603,50900,50901.0,SEK,8696
778,4962129,1621,45110,45110.0,SEK,24467
779,4065,0,0,151.0,SEK,4065
780,2746207,4328,72268,72269.0,SEK,16971
781,5439232,3500,45326,45327.0,SEK,28543
782,29678,0,0,177.0,SEK,29678
783,7185837,7578,44357,44357.0,SEK,40662
784,14610,0,0,174.0,SEK,14610
785,7898082,5481,75219,75220.0,SEK,41845
786,3305461,3528,47905,47905.0,SEK,18746
787,2051314,1599,37987,37987.0,SEK,11043
788,3139421,7008,20929,20929.0,SEK,21462
789,5094421,3797,36916,36916.0,SEK,27252
790,740643,1804,30860,30860.0,SEK,5214
791,10990557,7274,70452,70452.0,SEK,57876
792,4825,0,0,127.0,SEK,4825
793,2951275,1850,54653,54653.0,SEK,15438
794,3183097,1948,58946,58946.0,SEK,16603
795,4269703,2645,31627,31627.0,SEK,22303
796,3683442,3019,36834,36834.0,SEK,19978
797,5910815,8759,41047,41047.0,SEK,35973
798,5353,0,0,122.0,SEK,5353
799,6757127,2677,50052,50053.0,SEK,33787
800,5185390,3411,38410,38410.0,SEK,27285
801,10527702,2052,100263,100264.0,SEK,50523
802,2195049,3666,78394,78395.0,SEK,13772
803,5432543,1766,52235,52236.0,SEK,26778
804,3843325,4810,61005,61005.0,SEK,22505
805,5545045,3735,115521,115522.0,SEK,29265
806,840409,2601,22116,22116.0,SEK,6470
807,3991188,7727,31929,31930.0,SEK,26103
808,14583686,8998,97224,97225.0,SEK,76143
809,14313,0,0,124.0,SEK,14313
810,3480,0,0,151.0,SEK,3480
811,3898083,2630,29985,29985.0,SEK,20577
812,5299848,2859,32715,32715.0,SEK,27260
813,3219789,3980,40247,40247.0,SEK,18804
814,4875754,3332,64154,64155.0,SEK,25780
815,1868613,3138,24587,24587.0,SEK,11741
816,5714824,4577,59529,59529.0,SEK,30889
817,3219644,6369,38329,38329.0,SEK,21192
818,4885153,2568,58156,58157.0,SEK,25060
819,2479011,5591,33053,33053.0,SEK,17004
820,10562449,3937,130400,130401.0,SEK,52568
821,3110698,3449,51844,51845.0,SEK,17771
822,6992624,8289,46617,46617.0,SEK,40484
823,1281384,1511,45763,45764.0,SEK,7410
824,9297,0,0,141.0,SEK,9297
825,10629446,8952,85035,85036.0,SEK,57891
826,20652,0,0,150.0,SEK,20652
827,4196791,2536,91234,91235.0,SEK,21858
828,2455402,5419,31479,31480.0,SEK,16724
829,8112613,3667,64900,64901.0,SEK,41018
830,3810245,2605,100269,100270.0,SEK,20148
831,15978,0,0,168.0,SEK,15978
832,10568127,7079,84545,84545.0,SEK,55736
833,19053,0,0,132.0,SEK,19053
834,16638,0,0,139.0,SEK,16638
835,6487,0,0,141.0,SEK,6487
836,8594097,3186,82635,82636.0,SEK,42754
837,805902,1003,42415,42416.0,SEK,4713
838,6311486,3823,50091,50091.0,SEK,32882
839,4784267,2137,33224,33224.0,SEK,24164
840,10624047,4079,65580,65581.0,SEK,52993
841,4764,0,0,176.0,SEK,4764
842,6912879,7229,49377,49378.0,SEK,39057
843,4802013,1971,66694,66695.0,SEK,24080
844,2854759,2694,31719,31720.0,SEK,15837
845,6895,0,0,121.0,SEK,6895
846,8596785,3740,63679,63680.0,SEK,43321
847,3448,0,0,144.0,SEK,3448
848,3617667,2442,48235,48236.0,SEK,19098
849,1180600,3456,53663,53664.0,SEK,8891
850,1834030,2624,36680,36681.0,SEK,11068
851,27844,0,0,178.0,SEK,27844
852,7158395,3211,66281,66281.0,SEK,36169
853,2505162,3930,46391,46392.0,SEK,15464
854,2700373,2172,56257,56258.0,SEK,14604
855,10126536,3374,75011,75011.0,SEK,49998
856,8850474,7219,81948,81949.0,SEK,47968
857,2043310,4348,22209,22210.0,SEK,13755
858,2093367,2048,95153,95153.0,SEK,11686
859,3327,0,0,139.0,SEK,3327
860,6179868,2169,140451,140452.0,SEK,30622
861,4454924,3852,61873,61874.0,SEK,24363
862,6241242,7034,57789,57789.0,SEK,35769
863,6564731,2456,42081,42082.0,SEK,32681
864,6088808,3487,55352,55353.0,SEK,31520
865,3351844,2601,59854,59854.0,SEK,18033
866,16279,0,0,142.0,SEK,16279
867,2420439,2056,36673,36673.0,SEK,13200
868,898602,1343,42790,42791.0,SEK,5480
869,4827653,1994,67050,67051.0,SEK,24221
870,8269,0,0,180.0,SEK,8269
871,2428331,2525,24283,24283.0,SEK,13705
872,2154718,2319,97941,97942.0,SEK,12239
873,15014,0,0,179.0,SEK,15014
874,5279553,5737,65994,65994.0,SEK,30044
875,2322186,2787,43003,43003.0,SEK,13478
876,2950,0,0,140.0,SEK,2950
877,16301150,6775,129374,129374.0,SEK,81828
878,9180984,4429,61206,61207.0,SEK,46699
879,13420,0,0,124.0,SEK,13420
880,3733866,2789,93346,93347.0,SEK,19980
881,3986,0,0,166.0,SEK,3986
882,4063641,4912,52097,52098.0,SEK,23621
883,18579,0,0,143.0,SEK,18579
884,9153388,3665,69343,69344.0,SEK,45808
885,468546,2101,21297,21298.0,SEK,4258
886,6830,0,0,122.0,SEK,6830
887,2187133,2781,33138,33138.0,SEK,12850
888,3684795,7037,38787,38787.0,SEK,24002
889,4444282,2848,74071,74071.0,SEK,23310
890,16274,0,0,163.0,SEK,16274
891,913019,2102,33815,33816.0,SEK,6305
892,859000,3755,42950,42950.0,SEK,7709
893,6099768,3429,112958,112959.0,SEK,31513
894,6600615,2833,61116,61117.0,SEK,33223
895,4408888,2608,61234,61235.0,SEK,22907
896,6271,0,0,136.0,SEK,6271
897,1215601,904,60780,60780.0,SEK,6500
898,5164316,3332,36887,36888.0,SEK,27109
899,7132804,2026,79253,79253.0,SEK,34866
900,4482874,4845,41508,41508.0,SEK,25484
901,1639568,1860,37262,37263.0,SEK,9408
902,1423237,3106,71161,71162.0,SEK,9658
903,4985299,7214,43730,43731.0,SEK,30167
904,4105153,3224,34209,34210.0,SEK,22124
905,15131,0,0,159.0,SEK,15131
906,17914,0,0,128.0,SEK,17914
907,1112850,2959,24192,24192.0,SEK,8082
908,866858,3102,21671,21671.0,SEK,7093
909,964085,1020,40170,40170.0,SEK,5458
910,2314203,2326,57855,57855.0,SEK,12980
911,4296255,5653,39780,39780.0,SEK,25433
912,5341634,3729,63590,63591.0,SEK,28322
913,3507717,3677,58461,58462.0,SEK,19827
914,2484282,2298,49685,49686.0,SEK,13736
915,11849910,3298,103042,103043.0,SEK,57856
916,21111,0,0,151.0,SEK,21111
917,1753425,2394,46142,46143.0,SEK,10467
918,14461883,2920,139056,139057.0,SEK,69504
919,9146673,9899,58632,58633.0,SEK,52011
920,8474980,4685,84749,84750.0,SEK,43705
921,3711768,4055,97678,97678.0,SEK,21144
922,3799586,3283,79158,79158.0,SEK,20776
923,1865540,4461,37310,37311.0,SEK,13050
924,6510572,4418,68532,68532.0,SEK,34393
925,6995852,3801,86368,86369.0,SEK,36011
926,19204,0,0,168.0,SEK,19204
927,6467559,8125,56732,56733.0,SEK,37902
928,2677741,1683,47816,47817.0,SEK,14011
929,10206900,2424,130857,130858.0,SEK,49418
930,6006339,7870,47669,47669.0,SEK,35524
931,5796,0,0,138.0,SEK,5796
932,6242821,3491,141882,141882.0,SEK,32233
933,6682437,3169,69608,69609.0,SEK,33936
934,8922462,6845,78267,78267.0,SEK,47925
935,9283,0,0,179.0,SEK,9283
936,18451,0,0,160.0,SEK,18451
937,21283,0,0,142.0,SEK,21283
938,7818171,3774,139610,139610.0,SEK,39770
939,11716574,2630,108486,108487.0,SEK,56575
940,3120259,1868,24001,24002.0,SEK,16234
941,9435519,2199,71481,71481.0,SEK,45641
942,10839,0,0,164.0,SEK,10839
943,1563234,1555,60124,60124.0,SEK,8752
944,13802,0,0,153.0,SEK,13802
945,1160101,1804,58005,58005.0,SEK,7145
946,2469974,2042,58808,58809.0,SEK,13414
947,1720620,1799,78210,78210.0,SEK,9721
948,3275,0,0,149.0,SEK,3275
949,25456,0,0,163.0,SEK,25456
950,5755081,4446,43599,43599.0,SEK,30943
951,5136667,1933,63415,63416.0,SEK,25583
952,8674587,2724,78859,78860.0,SEK,42663
953,2450950,3531,49019,49019.0,SEK,14815
954,21782,0,0,165.0,SEK,21782
955,3373623,2336,25950,25951.0,SEK,17868
956,13883,0,0,145.0,SEK,13883
957,15926365,7783,142199,142200.0,SEK,81110
958,9276372,3667,82824,82825.0,SEK,46376
959,565192,4163,23549,23550.0,SEK,6765
960,5302,0,0,133.0,SEK,5302
961,12601,0,0,133.0,SEK,12601
962,5258107,6954,55348,55348.0,SEK,31163
963,6427568,2892,107126,107126.0,SEK,32485
964,7178,0,0,144.0,SEK,7178
965,24315,0,0,156.0,SEK,24315
966,7695543,2644,61564,61564.0,SEK,38075
967,8640428,6091,98186,98187.0,SEK,45872
968,2912762,4326,35960,35960.0,SEK,17736
969,21441,0,0,128.0,SEK,21441
970,1788838,3778,24844,24845.0,SEK,12014
971,5002467,6332,46319,46319.0,SEK,29364
972,6154791,4142,54953,54953.0,SEK,32479
973,22974,0,0,166.0,SEK,22974
974,2674760,5180,33434,33434.0,SEK,17495
975,3793517,5209,34486,34487.0,SEK,22674
976,1606709,5687,21140,21141.0,SEK,13084
977,3494156,4749,44796,44797.0,SEK,20836
978,2194298,1470,99740,99741.0,SEK,11572
979,2152896,3903,53822,53822.0,SEK,13815
980,5304256,3240,70723,70723.0,SEK,27661
981,1188727,1811,54033,54033.0,SEK,7284
982,2444649,2373,32166,32166.0,SEK,13628
983,1697077,1966,60609,60610.0,SEK,9779
984,3569,0,0,155.0,SEK,3569
985,3380171,5142,40240,40240.0,SEK,20704
986,8368432,8010,61988,61988.0,SEK,46539
987,3531902,1873,65405,65406.0,SEK,18134
988,2353679,2214,56039,56040.0,SEK,13050
989,6186514,4023,46867,46868.0,SEK,32506
990,11676534,7072,88458,88459.0,SEK,60832
991,6918,0,0,128.0,SEK,6918
992,4300959,5773,37399,37400.0,SEK,25575
993,3517,0,0,176.0,SEK,3517
994,5874073,2347,69929,69929.0,SEK,29392
995,8654448,4455,64107,64107.0,SEK,44301
996,1084116,1746,43364,43365.0,SEK,6737
997,1091885,2775,60660,60660.0,SEK,7802
998,5030848,3022,39927,39927.0,SEK,26184
999,15139,0,0,135.0,SEK,15139
1000,13494964,5389,134949,134950.0,SEK,67522
